_MEMBER_MyList,_LogP_MyList,GO,_PATTERN_,_RANK_,GiniIndex,Category,CategoryID,Description,PARENT_GO,LogP,Enrichment,Z-score,#TotalGeneInLibrary,#GeneInGO,#GeneInHitList,#GeneInGOAndHitList,%InGO,STDV %InGO,GeneID,Hits,Log(q-value),EvidenceCutoff
1,-6.5,M40151,M1,1,0,Cell Type Signatures,7,DESCARTES FETAL ADRENAL STROMAL CELLS,,-6.5,66,16,30198,153,12,4,33,14,2706|3489|25891|728264,GJB2|IGFBP6|PAMR1|CARMN,-2,0
1,-3.7,M39050,M1,1,0,Cell Type Signatures,7,MANNO MIDBRAIN NEUROTYPES HPERIC,,-3.7,13,6.6,30198,795,12,4,33,14,2920|4320|25891|728264,CXCL2|MMP11|PAMR1|CARMN,0,0
1,-3,M39167,M1,1,0,Cell Type Signatures,7,GAO LARGE INTESTINE ADULT CJ IMMUNE CELLS,,-3,15,6.3,30198,505,12,3,25,12,3489|4320|5348,IGFBP6|MMP11|FXYD1,0,0
1,-2.8,M40158,M1,1,0,Cell Type Signatures,7,DESCARTES FETAL CEREBELLUM VASCULAR ENDOTHELIAL CELLS,,-2.8,12,5.5,30198,632,12,3,25,12,25891|146894|728264,PAMR1|CD300LG|CARMN,0,0
1,-2.7,M39175,M1,1,0,Cell Type Signatures,7,MURARO PANCREAS MESENCHYMAL STROMAL CELL,,-2.7,11,5.3,30198,680,12,3,25,12,3624|4320|728264,INHBA|MMP11|CARMN,0,0
1,-2.5,M39209,M1,1,0,Cell Type Signatures,7,HAY BONE MARROW STROMAL,,-2.5,9.9,5,30198,765,12,3,25,12,1301|2920|3489,COL11A1|CXCL2|IGFBP6,0,0
