_MEMBER_MyList,_LogP_MyList,GO,_PATTERN_,_RANK_,GiniIndex,Category,CategoryID,Description,PARENT_GO,LogP,Enrichment,Z-score,#TotalGeneInLibrary,#GeneInGO,#GeneInHitList,#GeneInGOAndHitList,%InGO,STDV %InGO,GeneID,Hits,Log(q-value),EvidenceCutoff
1,-6.1,C0007124,M1,1,0,DisGeNET,35,Noninfiltrating Intraductal Carcinoma,,-6.1,26,11,30198,486,12,5,42,14,1300|1301|2706|3624|4320,COL10A1|COL11A1|GJB2|INHBA|MMP11,-1.9,0
1,-3.6,C0221357,M1,1,0,DisGeNET,35,Brachydactyly,,-3.6,23,8,30198,325,12,3,25,12,1300|1301|2706,COL10A1|COL11A1|GJB2,0,0
1,-3.4,C0026691,M1,1,0,DisGeNET,35,Mucocutaneous Lymph Node Syndrome,,-3.4,20,7.5,30198,370,12,3,25,12,2277|2920|4320,VEGFD|CXCL2|MMP11,0,0
1,-3.3,C4552766,M1,1,0,DisGeNET,35,Miscarriage,,-3.3,18,6.9,30198,426,12,3,25,12,2706|3489|4320,GJB2|IGFBP6|MMP11,0,0
1,-3.2,C0278701,M1,1,0,DisGeNET,35,Gastric Adenocarcinoma,,-3.2,17,6.7,30198,453,12,3,25,12,2277|3489|4320,VEGFD|IGFBP6|MMP11,0,0
1,-3.1,C0027092,M1,1,0,DisGeNET,35,Myopia,,-3.1,15,6.4,30198,490,12,3,25,12,1300|1301|4320,COL10A1|COL11A1|MMP11,0,0
1,-2.8,C0025286,M1,1,0,DisGeNET,35,Meningioma,,-2.8,12,5.5,30198,634,12,3,25,12,2706|3489|4320,GJB2|IGFBP6|MMP11,0,0
1,-2.6,C1384666,M1,1,0,DisGeNET,35,hearing impairment,,-2.6,10,5.1,30198,740,12,3,25,12,1300|1301|2706,COL10A1|COL11A1|GJB2,0,0
